Workbook

Sheet 설정
A1: 항목 | B1: 값 | C1: 설명
A2: CNY→KRW 환율 | B2: 218.12 | C2: 위안화 환율 (마진 계산용, 상품마스터에서 ×1.03 적용)
A3: 관세청 고시환율 (CNY→KRW) | B3: 218.12 | C3: 관세청 주간 고시환율 (관세 계산용)
A4: USD→KRW 환율 | B4: 1495.76 | C4: 달러 환율 (150달러 초과 판단용)
A5: KREAM 수수료율 | B5: 0.06 | C5: 레벨1~5: 5.5~6%, 이벤트: 3.5%
A6: KREAM 고정수수료 | B6: 2500 | C6: 건당 고정
A7: 기본 해외배송비 (원) | B7: 8000 | C7: 상품별 다를 수 있음 → 상품마스터에서 개별 수정 가능
A8: 관세 면세 기준 (USD) | B8: 150 | C8: USD 150달러 초과 시 관세 부과
A9: 의류/신발 관세율 | B9: 0.13 | C9: 13%
A10: 가방 관세율 | B10: 0.08 | C10: 8%
A11: 부가세율 | B11: 0.1 | C11: 관부가세 10%
A12: 목표 마진율 | B12: 0.15 | C12: 최소 15% 이상 추천
A13: headless_mode | B13: false | C13: true면 브라우저 안 보임
A14: delay_between_items | B14: 3 | C14: 상품 간 대기 시간 (초)
A17: [ 고시정보 기본값 ]
A18: 고시정보 기본값 | B18: 값 | C18: 설명
A19: 제조국 | B19: 상품별 상이 (케어라벨 참고)
A20: 취급시 주의사항 (의류) | B20: 세탁시 이염 주의/케어라벨 참조
A21: 취급시 주의사항 (신발) | B21: 직사광선 피하여 보관/케어라벨 참조
A22: 취급시 주의사항 (가방) | B22: 세탁시 이염 주의/케어라벨 참조
A23: 품질보증기준 | B23: 관련 법 및 소비자 분쟁 해결 기준에 따름
A24: AS 전화번호 | B24: 01075446127 | C24: 주데이 연락처
A25: 발길이 (신발) | B25: 상품별 상이 (사이즈표 참고)
A26: 굽높이 (신발) | B26: 상품별 상이
A27: 제조년월 | B27: 상품별 상이

Sheet 상품마스터
A1: No. | B1: 상품번호 (KREAM) | C1: 모델번호 | D1: 브랜드 | E1: 영문 상품명 | F1: 한글 상품명 | G1: 카테고리 | H1: 사이즈/옵션 | I1: 중국 구매가 (CNY) | J1: 해외 배송비 (원/수정가능) | K1: CNY환율 (×1.03) | L1: 관세청 CNY환율 | M1: 구매가 (원화환산) | N1: 관세율 (%) | O1: CNY→USD 환산액 | P1: 150USD 초과여부 | Q1: 관세 (원) | R1: 부가세 (원) | S1: 총 원가 (원) | T1: KREAM 즉시구매가 | U1: KREAM 즉시판매가 | V1: KREAM 최근거래가 | W1: 수수료율 | X1: 고정수수료 | Y1: 판매수수료 (원) | Z1: 수수료 부가세(원) | AA1: KREAM 정산금액(원) | AB1: 순마진 (원) | AC1: 마진율 (%) | AD1: 판매추천 | AE1: 입찰희망가 (직접입력)
B2: KREAM고유 | G2: 의류/신발/가방 | I2: 🔵직접입력 | J2: 🔵수정가능 | K2: 자동 | L2: 자동 | M2: 자동 | N2: 🔵카테고리별 | O2: 자동 | P2: 자동 | Q2: 자동 | R2: 자동 | S2: 자동계산 | T2: 🟢수집/입력 | U2: 🟢수집/입력 | V2: 🟢수집/입력 | W2: 자동 | X2: 자동 | Y2: 자동 | Z2: 자동 | AA2: 자동계산 | AB2: 자동계산 | AC2: 자동계산 | AD2: 자동 | AE2: 🔵직접입력
A3: 1 | B3: 299954 | C3: IX7693 | D3: Adidas | E3: Adidas Always Original Denim Shoulder Bag Blue | F3: 아디다스 올웨이즈 오리지널 데님 숄더백 블루 | G3: 가방 | H3: ONE SIZE | I3: 180 | J3: =설정!B7 | K3: =설정!B2*1.03 | L3: =설정!B3 | M3: =ROUND(I3*K3, 0) | N3: =IF(G3="의류",설정!B9, IF(G3="신발",설정!B9, IF(G3="가방",설정!B10, 설정!B9))) | O3: =ROUND(I3*L3/설정!B4, 2) | P3: =IF(O3>설정!B8,"초과","이하") | Q3: =IF(P3="초과", ROUND(I3*L3*N3, 0), 0) | R3: =IF(P3="초과", ROUND((I3*L3+Q3)*설정!B11, 0), 0) | S3: =M3+Q3+R3+J3 | T3: 82000 | U3: 55000 | V3: 82000 | W3: =설정!B5 | X3: =설정!B6 | Y3: =ROUND(IF(AE3>0, AE3, T3)*W3, 0) | Z3: =ROUND((Y3+X3)*설정!B11, 0) | AA3: =IF(AE3>0, AE3, T3)-Y3-X3-Z3 | AB3: =AA3-S3 | AC3: =IF(S3>0, AB3/S3, 0) | AD3: =IF(AC3>=설정!B12,"✅추천",IF(AC3>=0.05,"⚠보통","❌비추")) | AE3: 78000
A4: 2 | B4: 12831 | C4: 315122-111 | D4: Nike | E4: Nike Air Force 1 07 Low White | F4: 나이키 에어포스 1 07 로우 화이트 | G4: 신발 | H4: 270 | I4: 350 | J4: =설정!B7 | K4: =설정!B2*1.03 | L4: =설정!B3 | M4: =ROUND(I4*K4, 0) | N4: =IF(G4="의류",설정!B9, IF(G4="신발",설정!B9, IF(G4="가방",설정!B10, 설정!B9))) | O4: =ROUND(I4*L4/설정!B4, 2) | P4: =IF(O4>설정!B8,"초과","이하") | Q4: =IF(P4="초과", ROUND(I4*L4*N4, 0), 0) | R4: =IF(P4="초과", ROUND((I4*L4+Q4)*설정!B11, 0), 0) | S4: =M4+Q4+R4+J4 | T4: 107000 | U4: 129000 | V4: 115000 | W4: =설정!B5 | X4: =설정!B6 | Y4: =ROUND(IF(AE4>0, AE4, T4)*W4, 0) | Z4: =ROUND((Y4+X4)*설정!B11, 0) | AA4: =IF(AE4>0, AE4, T4)-Y4-X4-Z4 | AB4: =AA4-S4 | AC4: =IF(S4>0, AB4/S4, 0) | AD4: =IF(AC4>=설정!B12,"✅추천",IF(AC4>=0.05,"⚠보통","❌비추")) | AE4: 105000
A5: 3 | B5: 268535 | C5: 1103322 | D5: Montbell | E5: Montbell Wind Blast Hooded Jacket Black | F5: 몽벨 윈드 블라스트 후드 자켓 블랙 | G5: 의류 | H5: L | I5: 250 | J5: =설정!B7 | K5: =설정!B2*1.03 | L5: =설정!B3 | M5: =ROUND(I5*K5, 0) | N5: =IF(G5="의류",설정!B9, IF(G5="신발",설정!B9, IF(G5="가방",설정!B10, 설정!B9))) | O5: =ROUND(I5*L5/설정!B4, 2) | P5: =IF(O5>설정!B8,"초과","이하") | Q5: =IF(P5="초과", ROUND(I5*L5*N5, 0), 0) | R5: =IF(P5="초과", ROUND((I5*L5+Q5)*설정!B11, 0), 0) | S5: =M5+Q5+R5+J5 | T5: 94000 | U5: 93000 | V5: 125000 | W5: =설정!B5 | X5: =설정!B6 | Y5: =ROUND(IF(AE5>0, AE5, T5)*W5, 0) | Z5: =ROUND((Y5+X5)*설정!B11, 0) | AA5: =IF(AE5>0, AE5, T5)-Y5-X5-Z5 | AB5: =AA5-S5 | AC5: =IF(S5>0, AB5/S5, 0) | AD5: =IF(AC5>=설정!B12,"✅추천",IF(AC5>=0.05,"⚠보통","❌비추")) | AE5: 90000

Sheet 고시정보
A1: 상품번호 | B1: 카테고리 | C1: 종류 | D1: 소재 | E1: 색상 | F1: 크기(가방) /발길이(신발) | G1: 굽높이 (신발만) | H1: 제조자/수입자 | I1: 제조국 | J1: 취급시 주의사항 | K1: 제조년월 | L1: 품질보증기준 | M1: AS 전화번호 | N1: 원산지 | O1: HS코드 | P1: 상품무게(kg) | Q1: 박스가로(cm) | R1: 박스세로(cm) | S1: 박스높이(cm)
A2: KREAM번호 | B2: 의류/신발/가방 등 | C2: 숄더백/토트백 등 | D2: 데님/가죽 등 | F2: 가방:50*20*30cm 신발:설정 기본값 | G2: 신발만 설정 기본값 | H2: 브랜드명 | I2: 설정 기본값 | J2: 설정 기본값 | K2: 설정 기본값 | L2: 설정 기본값 | M2: 설정 기본값 | N2: 드롭다운 텍스트 | O2: 드롭다운 텍스트
A3: 299954 | B3: 가방 | C3: 숄더백 | D3: 데님 | E3: 블루 | F3: 50*20*30cm | H3: Adidas | I3: =설정!B19 | J3: =설정!B22 | K3: =설정!B27 | L3: =설정!B23 | M3: =설정!B24
A4: 12831 | B4: 구두/신발 | C4: 운동화 | D4: 합성 가죽/메쉬 | E4: 화이트 | F4: =설정!B25 | G4: =설정!B26 | H4: Nike | I4: =설정!B19 | J4: =설정!B21 | K4: =설정!B27 | L4: =설정!B23 | M4: =설정!B24 | P4: 0.8 | Q4: 35 | R4: 25 | S4: 15
A5: 268535 | B5: 의류 | C5: 자켓 | D5: 나일론 | E5: 블랙 | F5: 상품별 상이 | H5: Montbell | I5: =설정!B19 | J5: =설정!B20 | K5: =설정!B27 | L5: =설정!B23 | M5: =설정!B24

Sheet 대량입찰
A1: KREAM 대량 판매 입찰 유의사항 v0.4 - 상품번호, 옵션명, 판매 희망가, 수량은 필수 입력입니다. - 입찰 마감 기한: 7일, 30일, 60일, 90일, 180일, 무기한 - 2만원부터 1천원 단위로 입찰 가능 - 단일 사이즈는 ONE SIZE 입력
A2: 상품번호 | B2: 모델번호 | C2: 영문 상품명 | D2: 옵션명 | E2: 판매 희망가 | F2: 수량 | G2: 입찰기한 | H2: 검수 보류 시 창고 보관 신청
A3: 필수 | B3: 선택 | C3: 선택 | D3: 필수 | E3: 필수 | F3: 필수 | G3: 필수 | H3: 선택
A4: =상품마스터!B3 | B4: =상품마스터!C3 | C4: =상품마스터!E3 | D4: =상품마스터!H3 | E4: =상품마스터!AE3 | F4: 1 | G4: 무기한 | H4: 미신청
A5: =상품마스터!B4 | B5: =상품마스터!C4 | C5: =상품마스터!E4 | D5: =상품마스터!H4 | E5: =상품마스터!AE4 | F5: 1 | G5: 무기한 | H5: 미신청
A6: =상품마스터!B5 | B6: =상품마스터!C5 | C6: =상품마스터!E5 | D6: =상품마스터!H5 | E6: =상품마스터!AE5 | F6: 1 | G6: 무기한 | H6: 미신청

Sheet 가격수집
A1: 상품번호 | B1: 모델번호 | C1: 영문상품명 | D1: 한글상품명 | E1: 발매가 | F1: 일반판매 최근거래가 | G1: 해외배송 최근거래가 | H1: 일반판매 즉시구매가 | I1: 해외배송 즉시구매가 | J1: 일반판매 즉시판매가 | K1: 프리미엄 | L1: 판매입찰수 | M1: 구매입찰수 | N1: 수집일시

Sheet 실행이력
A1: 실행일시 | B1: 작업유형 | C1: 대상 상품수 | D1: 성공 | E1: 실패 | F1: 비고

Sheet 해외가격연동
A1: 모델번호 | B1: 상품명(중국) | C1: 중국 구매가(CNY) | D1: 구매 사이트/링크 | E1: 중국내 배송비(CNY) | F1: 해외배송비(원) | G1: 비고 | H1: 수집일시
A2: ← 해외가격 수집 프로그램에서 이 시트로 데이터를 불러옵니다
A3: ← 모델번호 기준으로 상품마스터와 연동됩니다
